{
  "menu": [
    {
      "url": "/admin",
      "name": "Dashboard",
      "i18n": "Dashboard",
      "class": "waves-effect waves-cyan",
      "slug": "dashboard",
      "icon": "settings_input_svideo",
      
      "tagcustom": "badge pill orange float-right mr-10"
    },
    
    {
      "navheader": "Applications",
      "icon": "more_horiz"
    },
    
    {
      "navheader": "Pages ",
      "icon": "more_horiz"
    },
    
    {
      "url": "javascript:void(0)",
      "name": "User_Company",
      "i18n": "User",
      "class": "collapsible-header waves-effect waves-cyan",
      "slug": "user",
      "icon": "face",
      "tag": "3",
      "tagcustom": "badge pill purple float-right mr-10",
      "submenu": [
        {
          "url": "admin/users-list",
          "name": "List",
          "i18n": "List",
          "slug": "users-list"
        }
      ]
    },
    {
      "url": "admin/logout",
      "name": "Logout",
      "i18n": "Logout",
      "class": "waves-effect waves-cyan",
      "icon": "keyboard_tab"
    }
  ]
}